-- --------------------------------------------------------
-- Host:                         localhost
-- Server version:               5.7.24 - MySQL Community Server (GPL)
-- Server OS:                    Win64
-- HeidiSQL Version:             11.1.0.6116
-- --------------------------------------------------------

/*!40101 SET @OLD_CHARACTER_SET_CLIENT=@@CHARACTER_SET_CLIENT */;
/*!40101 SET NAMES utf8 */;
/*!50503 SET NAMES utf8mb4 */;
/*!40014 SET @OLD_FOREIGN_KEY_CHECKS=@@FOREIGN_KEY_CHECKS, FOREIGN_KEY_CHECKS=0 */;
/*!40101 SET @OLD_SQL_MODE=@@SQL_MODE, SQL_MODE='NO_AUTO_VALUE_ON_ZERO' */;
/*!40111 SET @OLD_SQL_NOTES=@@SQL_NOTES, SQL_NOTES=0 */;


-- Dumping database structure for media_db
CREATE DATABASE IF NOT EXISTS `media_db` /*!40100 DEFAULT CHARACTER SET utf8 COLLATE utf8_unicode_ci */;
USE `media_db`;

-- Dumping structure for table media_db.failed_jobs
CREATE TABLE IF NOT EXISTS `failed_jobs` (
  `id` bigint(20) unsigned NOT NULL AUTO_INCREMENT,
  `connection` text COLLATE utf8mb4_unicode_ci NOT NULL,
  `queue` text COLLATE utf8mb4_unicode_ci NOT NULL,
  `payload` longtext COLLATE utf8mb4_unicode_ci NOT NULL,
  `exception` longtext COLLATE utf8mb4_unicode_ci NOT NULL,
  `failed_at` timestamp NOT NULL DEFAULT CURRENT_TIMESTAMP,
  PRIMARY KEY (`id`)
) ENGINE=InnoDB DEFAULT CHARSET=utf8mb4 COLLATE=utf8mb4_unicode_ci;

-- Dumping data for table media_db.failed_jobs: ~0 rows (approximately)
/*!40000 ALTER TABLE `failed_jobs` DISABLE KEYS */;
/*!40000 ALTER TABLE `failed_jobs` ENABLE KEYS */;

-- Dumping structure for table media_db.migrations
CREATE TABLE IF NOT EXISTS `migrations` (
  `id` int(10) unsigned NOT NULL AUTO_INCREMENT,
  `migration` varchar(255) COLLATE utf8mb4_unicode_ci NOT NULL,
  `batch` int(11) NOT NULL,
  PRIMARY KEY (`id`)
) ENGINE=InnoDB AUTO_INCREMENT=8 DEFAULT CHARSET=utf8mb4 COLLATE=utf8mb4_unicode_ci;

-- Dumping data for table media_db.migrations: ~7 rows (approximately)
/*!40000 ALTER TABLE `migrations` DISABLE KEYS */;
INSERT INTO `migrations` (`id`, `migration`, `batch`) VALUES
	(1, '2014_10_12_000000_create_users_table', 1),
	(2, '2014_10_12_100000_create_password_resets_table', 1),
	(3, '2019_08_19_000000_create_failed_jobs_table', 1),
	(4, '2020_11_17_042520_vp_user', 1),
	(5, '2020_11_17_060049_vp_categories', 2),
	(6, '2020_11_17_075703_vp_product', 3),
	(7, '2020_11_17_174742_vp_comment', 4);
/*!40000 ALTER TABLE `migrations` ENABLE KEYS */;

-- Dumping structure for table media_db.password_resets
CREATE TABLE IF NOT EXISTS `password_resets` (
  `email` varchar(255) COLLATE utf8mb4_unicode_ci NOT NULL,
  `token` varchar(255) COLLATE utf8mb4_unicode_ci NOT NULL,
  `created_at` timestamp NULL DEFAULT NULL,
  KEY `password_resets_email_index` (`email`)
) ENGINE=InnoDB DEFAULT CHARSET=utf8mb4 COLLATE=utf8mb4_unicode_ci;

-- Dumping data for table media_db.password_resets: ~0 rows (approximately)
/*!40000 ALTER TABLE `password_resets` DISABLE KEYS */;
/*!40000 ALTER TABLE `password_resets` ENABLE KEYS */;

-- Dumping structure for table media_db.users
CREATE TABLE IF NOT EXISTS `users` (
  `id` bigint(20) unsigned NOT NULL AUTO_INCREMENT,
  `name` varchar(255) COLLATE utf8mb4_unicode_ci NOT NULL,
  `email` varchar(255) COLLATE utf8mb4_unicode_ci NOT NULL,
  `email_verified_at` timestamp NULL DEFAULT NULL,
  `password` varchar(255) COLLATE utf8mb4_unicode_ci NOT NULL,
  `remember_token` varchar(100) COLLATE utf8mb4_unicode_ci DEFAULT NULL,
  `created_at` timestamp NULL DEFAULT NULL,
  `updated_at` timestamp NULL DEFAULT NULL,
  PRIMARY KEY (`id`),
  UNIQUE KEY `users_email_unique` (`email`)
) ENGINE=InnoDB DEFAULT CHARSET=utf8mb4 COLLATE=utf8mb4_unicode_ci;

-- Dumping data for table media_db.users: ~0 rows (approximately)
/*!40000 ALTER TABLE `users` DISABLE KEYS */;
/*!40000 ALTER TABLE `users` ENABLE KEYS */;

-- Dumping structure for table media_db.vp_categories
CREATE TABLE IF NOT EXISTS `vp_categories` (
  `category_id` bigint(20) unsigned NOT NULL AUTO_INCREMENT,
  `category_name` varchar(255) COLLATE utf8mb4_unicode_ci NOT NULL,
  `category_slug` varchar(255) COLLATE utf8mb4_unicode_ci NOT NULL,
  `created_at` timestamp NULL DEFAULT NULL,
  `updated_at` timestamp NULL DEFAULT NULL,
  PRIMARY KEY (`category_id`)
) ENGINE=InnoDB AUTO_INCREMENT=9 DEFAULT CHARSET=utf8mb4 COLLATE=utf8mb4_unicode_ci;

-- Dumping data for table media_db.vp_categories: ~9 rows (approximately)
/*!40000 ALTER TABLE `vp_categories` DISABLE KEYS */;
INSERT INTO `vp_categories` (`category_id`, `category_name`, `category_slug`, `created_at`, `updated_at`) VALUES
	(1, 'Loa Thành Phẩm', 'loathanhpham', NULL, NULL),
	(2, 'Loa Rời', 'loaroi', NULL, NULL),
	(3, 'Mixer', 'mixer', NULL, NULL),
	(4, 'Microphone', 'microphone', NULL, NULL),
	(5, 'Controller', 'controller', NULL, NULL),
	(6, 'Ampli - Công Suất', 'amplicongsuat', NULL, NULL),
	(7, 'Đèn PadLed - Beem - Follow', 'paledbeem', NULL, NULL),
	(8, 'Phụ Kiện Âm Thanh', 'phukien', NULL, NULL);
/*!40000 ALTER TABLE `vp_categories` ENABLE KEYS */;

-- Dumping structure for table media_db.vp_comment
CREATE TABLE IF NOT EXISTS `vp_comment` (
  `comment_id` bigint(20) unsigned NOT NULL AUTO_INCREMENT,
  `comment_email` varchar(255) COLLATE utf8mb4_unicode_ci NOT NULL,
  `comment_name` varchar(255) COLLATE utf8mb4_unicode_ci NOT NULL,
  `comment_content` varchar(255) COLLATE utf8mb4_unicode_ci NOT NULL,
  `comment_product` bigint(20) unsigned NOT NULL,
  `created_at` timestamp NULL DEFAULT NULL,
  `updated_at` timestamp NULL DEFAULT NULL,
  PRIMARY KEY (`comment_id`),
  KEY `vp_comment_comment_product_foreign` (`comment_product`),
  CONSTRAINT `vp_comment_comment_product_foreign` FOREIGN KEY (`comment_product`) REFERENCES `vp_product` (`product_id`)
) ENGINE=InnoDB AUTO_INCREMENT=7 DEFAULT CHARSET=utf8mb4 COLLATE=utf8mb4_unicode_ci;

-- Dumping data for table media_db.vp_comment: ~3 rows (approximately)
/*!40000 ALTER TABLE `vp_comment` DISABLE KEYS */;
INSERT INTO `vp_comment` (`comment_id`, `comment_email`, `comment_name`, `comment_content`, `comment_product`, `created_at`, `updated_at`) VALUES
	(1, 'truongsadng.nishu@gmail.com', 'dolla', 'dqwe', 68, '2020-11-17 18:25:01', '2020-11-17 18:25:01'),
	(2, 'truongsadng.nishu@gmail.com', 'dolla', 'Sản phẩm quá tuyệt vời', 68, '2020-11-17 18:25:16', '2020-11-17 18:25:16'),
	(3, 'sa@gmail.com', 'Ngo Truong Sa', 'Hang dat qua', 67, '2020-11-17 18:33:51', '2020-11-17 18:33:51'),
	(4, 'truongsadng.nishu@gmail.com', 'dolla', 'Chua duoc lam', 64, '2020-11-18 09:03:06', '2020-11-18 09:03:06'),
	(5, 'sa@gmail.com', 'Ngo Truong Sa', 'San pham qua tot', 63, '2020-11-18 13:30:25', '2020-11-18 13:30:25'),
	(6, 'truongcongdanh8473@gmail.com', 'Danh', 'la laf la las la', 65, '2020-11-23 03:01:05', '2020-11-23 03:01:05');
/*!40000 ALTER TABLE `vp_comment` ENABLE KEYS */;

-- Dumping structure for table media_db.vp_product
CREATE TABLE IF NOT EXISTS `vp_product` (
  `product_id` bigint(20) unsigned NOT NULL AUTO_INCREMENT,
  `product_name` varchar(255) COLLATE utf8mb4_unicode_ci NOT NULL,
  `product_slug` varchar(255) COLLATE utf8mb4_unicode_ci NOT NULL,
  `product_price` int(11) NOT NULL,
  `product_img` varchar(255) COLLATE utf8mb4_unicode_ci NOT NULL,
  `product_baohanh` varchar(255) COLLATE utf8mb4_unicode_ci NOT NULL,
  `product_phukien` varchar(255) COLLATE utf8mb4_unicode_ci NOT NULL,
  `product_tinhtrang` varchar(255) COLLATE utf8mb4_unicode_ci NOT NULL,
  `product_khuyenmai` varchar(255) COLLATE utf8mb4_unicode_ci NOT NULL,
  `product_trangthai` tinyint(4) NOT NULL,
  `product_mieuta` text COLLATE utf8mb4_unicode_ci NOT NULL,
  `product_dacbiet` tinyint(4) NOT NULL,
  `product_cate` bigint(20) unsigned NOT NULL,
  `created_at` timestamp NULL DEFAULT NULL,
  `updated_at` timestamp NULL DEFAULT NULL,
  PRIMARY KEY (`product_id`),
  KEY `vp_product_product_cate_foreign` (`product_cate`),
  CONSTRAINT `vp_product_product_cate_foreign` FOREIGN KEY (`product_cate`) REFERENCES `vp_categories` (`category_id`)
) ENGINE=InnoDB AUTO_INCREMENT=69 DEFAULT CHARSET=utf8mb4 COLLATE=utf8mb4_unicode_ci;

-- Dumping data for table media_db.vp_product: ~25 rows (approximately)
/*!40000 ALTER TABLE `vp_product` DISABLE KEYS */;
INSERT INTO `vp_product` (`product_id`, `product_name`, `product_slug`, `product_price`, `product_img`, `product_baohanh`, `product_phukien`, `product_tinhtrang`, `product_khuyenmai`, `product_trangthai`, `product_mieuta`, `product_dacbiet`, `product_cate`, `created_at`, `updated_at`) VALUES
	(43, 'MOOSE LANE1400', 'moose-lane', 46900000, 'MOOSE LANE1400.jpg', '12', 'Không', 'New', 'Dây Tín Hiệu', 1, '<table>\r\n	<tbody>\r\n		<tr>\r\n			<td><strong>Loại loa</strong></td>\r\n			<td>Active column PA system</td>\r\n		</tr>\r\n		<tr>\r\n			<td><strong>Thiết kế vỏ th&ugrave;ng</strong></td>\r\n			<td>Bass reflex [LANE15]; Column sealed [LANE T803]</td>\r\n		</tr>\r\n		<tr>\r\n			<td><strong>C&ocirc;ng suất (RMS/Peak)</strong></td>\r\n			<td>700W / 1200W [LANE15]; 200W / 350W [LANE T803]</td>\r\n		</tr>\r\n		<tr>\r\n			<td><strong>Dải tần số</strong></td>\r\n			<td>50Hz &ndash; 20kHz</td>\r\n		</tr>\r\n		<tr>\r\n			<td><strong>Trở kh&aacute;ng</strong></td>\r\n			<td>N/A</td>\r\n		</tr>\r\n		<tr>\r\n			<td><strong>Chi tiết loa Sub</strong></td>\r\n			<td>15&Prime; (3in VC) LF EU transducer</td>\r\n		</tr>\r\n		<tr>\r\n			<td><strong>Chi tiết loa Full</strong></td>\r\n			<td>8x 3&Prime; (0.75in VC) MF + 1&Prime; (0.98in VC) HF EU transducer</td>\r\n		</tr>\r\n		<tr>\r\n			<td><strong>G&oacute;c phủ &acirc;m thanh (HxV)</strong></td>\r\n			<td>Ngang 120 &deg; (trung b&igrave;nh)</td>\r\n		</tr>\r\n		<tr>\r\n			<td><strong>Tần số crossover</strong></td>\r\n			<td>Kiểm so&aacute;t DSP với c&aacute;c c&agrave;i đặt c&oacute; sẵn. Tần suất lấy mẫu 48KHz; Bộ chuyển đổi AD/DA 24-bit</td>\r\n		</tr>\r\n		<tr>\r\n			<td><strong>Max. SPL (Peak)</strong></td>\r\n			<td>129dB @ 1m (system)</td>\r\n		</tr>\r\n		<tr>\r\n			<td><strong>Loại amplifier</strong></td>\r\n			<td>Class D, ampli 2 k&ecirc;nh</td>\r\n		</tr>\r\n		<tr>\r\n			<td><strong>C&ocirc;ng suất ng&otilde; ra ampli</strong></td>\r\n			<td>600W + 600W (li&ecirc;n tục) / 1500W (đỉnh)</td>\r\n		</tr>\r\n		<tr>\r\n			<td><strong>Kết nối ng&otilde; v&agrave;o</strong></td>\r\n			<td>XLR/jack combo connector</td>\r\n		</tr>\r\n		<tr>\r\n			<td><strong>Kết nối ng&otilde; ra</strong></td>\r\n			<td>XLR/M 3p</td>\r\n		</tr>\r\n		<tr>\r\n			<td><strong>Đ&egrave;n b&aacute;o hiển thị</strong></td>\r\n			<td>Power, signal/preset, clip</td>\r\n		</tr>\r\n		<tr>\r\n			<td><strong>Điều khiển</strong></td>\r\n			<td>Volume Master, 4 chế độ c&agrave;i đặt c&oacute; sẵn.</td>\r\n		</tr>\r\n		<tr>\r\n			<td><strong>Đặc t&iacute;nh</strong></td>\r\n			<td>L&agrave;m m&aacute;t bằng đối lưu</td>\r\n		</tr>\r\n		<tr>\r\n			<td><strong>Nguồn điện y&ecirc;u cầu</strong></td>\r\n			<td>85-264VAC</td>\r\n		</tr>\r\n		<tr>\r\n			<td><strong>Ng&otilde; kết nối nguồn điện</strong></td>\r\n			<td>Neutrik&reg; powerCON, Power-in (blue) / Power-out (grey)</td>\r\n		</tr>\r\n		<tr>\r\n			<td><strong>Chế độ bảo vệ</strong></td>\r\n			<td>Qu&aacute; d&ograve;ng v&agrave; đoản mạch, qu&aacute; tải nhiệt, ng&otilde; ra DC v&agrave; HF (amplifier)</td>\r\n		</tr>\r\n		<tr>\r\n			<td><strong>Vỏ th&ugrave;ng</strong></td>\r\n			<td>Gỗ Bạch Dương 15mm&nbsp;[LANE15]&nbsp;; Nh&ocirc;m&nbsp;[LANE T803]</td>\r\n		</tr>\r\n		<tr>\r\n			<td><strong>Mặt lưới</strong></td>\r\n			<td>Lưới tản nhiệt kim loại sơn tĩnh điện với lớp bọt &acirc;m học</td>\r\n		</tr>\r\n		<tr>\r\n			<td><strong>Lắp đặt / Rigging / Flying</strong></td>\r\n			<td>Đầu nối nhiều ch&acirc;n t&ugrave;y chỉnh cho T804</td>\r\n		</tr>\r\n		<tr>\r\n			<td><strong>K&iacute;ch thước (RxSxC)</strong></td>\r\n			<td>480x555x480 mm [LANE15]; 107x95x1320 mm [LANE T804]</td>\r\n		</tr>\r\n		<tr>\r\n			<td><strong>Trọng lượng</strong></td>\r\n			<td>33Kg [LANE15]; 8Kg [LANE T804]</td>\r\n		</tr>\r\n	</tbody>\r\n</table>', 1, 1, '2020-11-17 09:09:09', '2020-11-18 15:24:11'),
	(44, 'YAMAHA DSR-215', 'yamaha-dsr-215', 40370000, 'YAMAHA DSR-215.jpg', '12', 'Không', 'New 100%', 'Không', 1, '<table>\r\n	<tbody>\r\n		<tr>\r\n			<td><strong>Loại loa</strong></td>\r\n			<td>2x 15-inch 2-way, Bi-amp powered speaker, Bass-reflex</td>\r\n		</tr>\r\n		<tr>\r\n			<td><strong>Dải tần</strong></td>\r\n			<td>45 Hz &ndash; 20 kHz (-10dB)</td>\r\n		</tr>\r\n		<tr>\r\n			<td><strong>Đ&aacute;p tuyến tần số</strong></td>\r\n			<td>55 Hz &ndash; 18 kHz (-3dB)</td>\r\n		</tr>\r\n		<tr>\r\n			<td><strong>G&oacute;c phủ &acirc;m thanh</strong></td>\r\n			<td>Ngang 90&deg; x Dọc 60&deg;</td>\r\n		</tr>\r\n		<tr>\r\n			<td><strong>Th&agrave;nh phần loa</strong></td>\r\n			<td>2x 15&Prime; Cone LF + 2&Prime; Titanium HF</td>\r\n		</tr>\r\n		<tr>\r\n			<td><strong>Bộ chia tần</strong></td>\r\n			<td>FIR-X tuning&trade; (linear phase FIR filter)</td>\r\n		</tr>\r\n		<tr>\r\n			<td><strong>C&ocirc;ng suất&nbsp;</strong></td>\r\n			<td>Độ động:1500W (LF: 1020W, HF: 480W)/ Li&ecirc;n tục: 1300W (LF: 850W, HF: 450W)</td>\r\n		</tr>\r\n		<tr>\r\n			<td><strong>Độ nhạy (1W/1m)</strong></td>\r\n			<td>138dB SPL</td>\r\n		</tr>\r\n		<tr>\r\n			<td><strong>Ng&otilde; kết nối</strong></td>\r\n			<td>INPUT: XLR x1, TRS x1; OUTPUT:XLR x1, Parallel connection with INPUT</td>\r\n		</tr>\r\n		<tr>\r\n			<td><strong>C&aacute;c bộ xử l&yacute;</strong></td>\r\n			<td>D-CONTOUR (Dynamic CONTOUR)</td>\r\n		</tr>\r\n		<tr>\r\n			<td><strong>Vỏ th&ugrave;ng loa</strong></td>\r\n			<td>Gỗ</td>\r\n		</tr>\r\n		<tr>\r\n			<td><strong>Mặt lưới</strong></td>\r\n			<td>Th&eacute;p sơn tĩnh điện m&agrave;u đen.</td>\r\n		</tr>\r\n		<tr>\r\n			<td><strong>Tay cầm</strong></td>\r\n			<td>2 tay cầm b&ecirc;n</td>\r\n		</tr>\r\n		<tr>\r\n			<td><strong>Hệ thống treo/ Lắp đặt</strong></td>\r\n			<td>&ndash;</td>\r\n		</tr>\r\n		<tr>\r\n			<td><strong>Nguồn y&ecirc;u cầu</strong></td>\r\n			<td>100V-240V, 50Hz/60Hz</td>\r\n		</tr>\r\n		<tr>\r\n			<td><strong>Điện ti&ecirc;u thụ</strong></td>\r\n			<td>100W</td>\r\n		</tr>\r\n		<tr>\r\n			<td><strong>K&iacute;ch thước (CxRxS)</strong></td>\r\n			<td>1158 x 467 x 520 mm</td>\r\n		</tr>\r\n		<tr>\r\n			<td><strong>Trọng lượng</strong></td>\r\n			<td>49,8 Kg</td>\r\n		</tr>\r\n	</tbody>\r\n</table>', 0, 1, '2020-11-17 15:06:51', '2020-11-17 15:06:51'),
	(45, 'CARVIN TRx-153N', 'carvin-trx-153n', 28215000, 'CARVIN TRx-153N.jpg', '12', 'Không', 'New 100%', 'Không', 1, '<table>\r\n	<tbody>\r\n		<tr>\r\n			<td><strong>Loại loa</strong></td>\r\n			<td>15-inch 3-way, bass-reflex</td>\r\n		</tr>\r\n		<tr>\r\n			<td><strong>Đ&aacute;p tuyến tần số</strong></td>\r\n			<td>50Hz &ndash; 20kHz (-10dB); 60Hz &ndash; 18kHz (-3dB)</td>\r\n		</tr>\r\n		<tr>\r\n			<td><strong>G&oacute;c phủ &acirc;m thanh (NxD)</strong></td>\r\n			<td>60o x 40o</td>\r\n		</tr>\r\n		<tr>\r\n			<td><strong>Bộ chia dải tần</strong></td>\r\n			<td>Quasi 3-way&nbsp;mạch Speaker Guard&trade;&nbsp;bảo vệ loa&nbsp;HF</td>\r\n		</tr>\r\n		<tr>\r\n			<td><strong>Tần số Crossover</strong></td>\r\n			<td>500Hz, 2.5 kHz</td>\r\n		</tr>\r\n		<tr>\r\n			<td><strong>C&ocirc;ng suất</strong></td>\r\n			<td>600W / 2400W (Peak)</td>\r\n		</tr>\r\n		<tr>\r\n			<td><strong>Tăng &acirc;m khuy&ecirc;n d&ugrave;ng</strong></td>\r\n			<td>800W &ndash; 1600W</td>\r\n		</tr>\r\n		<tr>\r\n			<td><strong>Độ nhạy (1w/1m)</strong></td>\r\n			<td>100dB SPL</td>\r\n		</tr>\r\n		<tr>\r\n			<td><strong>SPL</strong></td>\r\n			<td>128dB Cont/ 134dB cực đại</td>\r\n		</tr>\r\n		<tr>\r\n			<td><strong>Th&agrave;nh phần loa</strong></td>\r\n			<td>15&Prime; Neo (3-in) LF + 8&Prime; Neo (1.75-in) + 1&Prime; exit Neo (1.75-in) HF</td>\r\n		</tr>\r\n		<tr>\r\n			<td><strong>Trở kh&aacute;ng</strong></td>\r\n			<td>8&Omega;</td>\r\n		</tr>\r\n		<tr>\r\n			<td><strong>Tri-amp 8&Omega;</strong></td>\r\n			<td>LF &ndash; 600W / 2400W; MF &ndash;&nbsp;200W / 800W; HF &ndash;&nbsp;60W / 240W</td>\r\n		</tr>\r\n		<tr>\r\n			<td><strong>Vỏ th&ugrave;ng loa</strong></td>\r\n			<td>Gỗ Bạch Dương d&agrave;y 18mm</td>\r\n		</tr>\r\n		<tr>\r\n			<td><strong>Hệ thống treo/ Lắp đặt</strong></td>\r\n			<td>12 captive 3/8in &ndash;16 nut fly point</td>\r\n		</tr>\r\n		<tr>\r\n			<td><strong>Ho&agrave;n thiện</strong></td>\r\n			<td>Lớp phủ c&ocirc;ng nghệ DuraTec&trade; chống trầy xước, chịu được t&aacute;c động thời tiết.</td>\r\n		</tr>\r\n		<tr>\r\n			<td><strong>Mặt lưới</strong></td>\r\n			<td>Th&eacute;p đen phủ bột chịu thời tiết, lớp bọt biển b&ecirc;n trong gi&uacute;p khử tạp &acirc;m.</td>\r\n		</tr>\r\n		<tr>\r\n			<td><strong>Vận chuyển</strong></td>\r\n			<td>4 Tay cầm b&ecirc;n</td>\r\n		</tr>\r\n		<tr>\r\n			<td><strong>Ng&otilde; kết nối</strong></td>\r\n			<td>2 x NL-4 Neutrik Speakon&rsquo;s, 2 x&nbsp;NL-8 Neutrik Speakon&rsquo;s</td>\r\n		</tr>\r\n		<tr>\r\n			<td><strong>K&iacute;ch thước (CxRxS)</strong></td>\r\n			<td>1060 x 510 x 440 mm</td>\r\n		</tr>\r\n		<tr>\r\n			<td><strong>Trọng lượng</strong></td>\r\n			<td>32 Kg</td>\r\n		</tr>\r\n	</tbody>\r\n</table>', 0, 1, '2020-11-17 15:08:02', '2020-11-17 15:08:02'),
	(46, 'YAMAHA MGP-32X', 'yamaha-mgp-32x', 38280000, 'YAMAHA MGP-32X.jpg', '12', 'Không', 'New 100%', 'Không', 1, '<table>\r\n	<tbody>\r\n		<tr>\r\n			<td><strong>K&ecirc;nh</strong></td>\r\n			<td>32 Line Input (24 mono + 4 stereo)</td>\r\n		</tr>\r\n		<tr>\r\n			<td><strong>Group</strong></td>\r\n			<td>4 Group Buses + ST Bus</td>\r\n		</tr>\r\n		<tr>\r\n			<td><strong>Aux Buses</strong></td>\r\n			<td>6 AUX Send + 2 FX Send</td>\r\n		</tr>\r\n		<tr>\r\n			<td><strong>Matrix</strong></td>\r\n			<td>1 Matrix out</td>\r\n		</tr>\r\n		<tr>\r\n			<td><strong>Bộ xử l&yacute; t&iacute;ch hợp</strong></td>\r\n			<td>FX1:REV-X(8 Program, Parameter)/ FX2:SPX(16 Program, Parameter)</td>\r\n		</tr>\r\n		<tr>\r\n			<td><strong>Ng&otilde; v&agrave;o Mic</strong></td>\r\n			<td>MIC: 24 (Input HPF: 100Hz 12dB/oct)</td>\r\n		</tr>\r\n		<tr>\r\n			<td><strong>Nguồn điện phantom</strong></td>\r\n			<td>48V cho mỗi k&ecirc;nh</td>\r\n		</tr>\r\n		<tr>\r\n			<td><strong>Ng&otilde; v&agrave;o Line</strong></td>\r\n			<td>LINE: 24 mono + 4 stereo, K&ecirc;nh INSERT: 24 RETURN: 1 stereo</td>\r\n		</tr>\r\n		<tr>\r\n			<td><strong>Digital I/O</strong></td>\r\n			<td>USB Device, iPod / iPhone</td>\r\n		</tr>\r\n		<tr>\r\n			<td><strong>T.H.D</strong></td>\r\n			<td>0.02% (20Hz-20kHz@ +14dBu)</td>\r\n		</tr>\r\n		<tr>\r\n			<td><strong>Đ&aacute;p tuyến tần số</strong></td>\r\n			<td>+0.5/-1.0dB 20Hz &ndash; 20kHz, refer to the nominal output level @1kHz</td>\r\n		</tr>\r\n		<tr>\r\n			<td><strong>Nhiễu đầu v&agrave;o tương đương</strong></td>\r\n			<td>-128 dBu Equivalent Input Noise</td>\r\n		</tr>\r\n		<tr>\r\n			<td><strong>Nhiễu đầu ra thặng dư</strong></td>\r\n			<td>-94 dBu Residual Output Noise</td>\r\n		</tr>\r\n		<tr>\r\n			<td><strong>Crosstalk</strong></td>\r\n			<td>-74dB @ 1kHz</td>\r\n		</tr>\r\n		<tr>\r\n			<td><strong>Nguồn điện y&ecirc;u cầu</strong></td>\r\n			<td>AC100V-240V 50/60Hz</td>\r\n		</tr>\r\n		<tr>\r\n			<td><strong>K&iacute;ch thước (CxRxS)</strong></td>\r\n			<td>169 x 1027 x 565 mm</td>\r\n		</tr>\r\n		<tr>\r\n			<td><strong>Trọng lượng</strong></td>\r\n			<td>19 Kg</td>\r\n		</tr>\r\n		<tr>\r\n			<td>&nbsp;</td>\r\n			<td>&nbsp;</td>\r\n		</tr>\r\n	</tbody>\r\n</table>', 1, 3, '2020-11-17 15:09:27', '2020-11-17 15:09:27'),
	(47, 'PHONIC MR2443a', 'phonic-mr2443a', 9500000, 'PHONIC MR2443a.jpg', '12', 'Dây tín hiệu', 'New 100%', 'Dây Tín Hiệu', 1, '<p>&bull; Mixer 16 k&ecirc;nh ng&otilde; v&agrave;o, với mono Mic/Line input &amp; insert.<br />\r\n&bull; 3 way EQ , low cut, on/off and peak level on each channel<br />\r\n&bull; Individual channel phantom power selector<br />\r\n&bull; 4 AUX , which 2 are pre or post fader<br />\r\n&bull; PFL on each channel<br />\r\n&bull; 4 stereo return AUX<br />\r\n&bull; 4 groups which 2 are with inserts<br />\r\n&bull; Record output<br />\r\n&bull; Headphone output / control volume with volume control<br />\r\n&bull; Faders ALPS 60mm super high quality</p>', 1, 3, '2020-11-17 16:32:53', '2020-11-17 16:32:53'),
	(48, 'YAMAHA MGP-16X', 'yamaha-mgp-16x', 24860000, 'YAMAHA MGP-16X.jpg', '12', 'Dây tín hiệu', 'New 100%', 'Dây Tín Hiệu', 1, '<table>\r\n	<tbody>\r\n		<tr>\r\n			<td><strong>K&ecirc;nh</strong></td>\r\n			<td>16 Line Input (8 mono + 4 stereo)</td>\r\n		</tr>\r\n		<tr>\r\n			<td><strong>Group</strong></td>\r\n			<td>4 Group Buses + ST Bus</td>\r\n		</tr>\r\n		<tr>\r\n			<td><strong>Aux Buses</strong></td>\r\n			<td>2 AUX Send + 2 FX Send</td>\r\n		</tr>\r\n		<tr>\r\n			<td><strong>Matrix</strong></td>\r\n			<td>&ndash;</td>\r\n		</tr>\r\n		<tr>\r\n			<td><strong>Bộ xử l&yacute; t&iacute;ch hợp</strong></td>\r\n			<td>FX1:REV-X(8 Program, Parameter)/ FX2:SPX(16 Program, Parameter)</td>\r\n		</tr>\r\n		<tr>\r\n			<td><strong>Chức năng k&ecirc;nh đầu v&agrave;o</strong></td>\r\n			<td>Comp. CH1-8,HPF(100Hz 12dB/oct), CH EQ(MONO) &plusmn;15dB(Max.):High 8kHz shelving/ Mid 250Hz-5kHz peaking(CH1-8,13-16)/ Low 125Hz shelving, CH EQ(STEREO) &plusmn;15dB(Max.):High 8kHz shelving/ Mid 2.5kHz peaking(CH9-12)/ Low 125Hz shelving</td>\r\n		</tr>\r\n		<tr>\r\n			<td><strong>Ng&otilde; v&agrave;o Mic</strong></td>\r\n			<td>MIC: 10</td>\r\n		</tr>\r\n		<tr>\r\n			<td><strong>Nguồn điện phantom</strong></td>\r\n			<td>48V cho mỗi k&ecirc;nh</td>\r\n		</tr>\r\n		<tr>\r\n			<td><strong>Ng&otilde; v&agrave;o Line</strong></td>\r\n			<td>LINE: 8 mono + 4 st, INSERT: 8 RETURN: 1 st, 2TR IN: 1 st</td>\r\n		</tr>\r\n		<tr>\r\n			<td><strong>Digital I/O</strong></td>\r\n			<td>USB Device, iPod / iPhone</td>\r\n		</tr>\r\n		<tr>\r\n			<td><strong>T.H.D</strong></td>\r\n			<td>0.02% (20Hz-20kHz@ +14dBu)</td>\r\n		</tr>\r\n		<tr>\r\n			<td><strong>Đ&aacute;p tuyến tần số</strong></td>\r\n			<td>+0.5/-1.0dB 20Hz &ndash; 20kHz, refer to the nominal output level @1kHz</td>\r\n		</tr>\r\n		<tr>\r\n			<td><strong>Nhiễu đầu v&agrave;o tương đương</strong></td>\r\n			<td>-128 dBu Equivalent Input Noise</td>\r\n		</tr>\r\n		<tr>\r\n			<td><strong>Nhiễu đầu ra thặng dư</strong></td>\r\n			<td>-102 dBu Residual Output Noise</td>\r\n		</tr>\r\n		<tr>\r\n			<td><strong>Crosstalk</strong></td>\r\n			<td>-74dB @ 1kHz</td>\r\n		</tr>\r\n		<tr>\r\n			<td><strong>Nguồn điện y&ecirc;u cầu</strong></td>\r\n			<td>AC100V-240V 50/60Hz</td>\r\n		</tr>\r\n		<tr>\r\n			<td><strong>K&iacute;ch thước (CxRxS)</strong></td>\r\n			<td>143 x 447 x 495 mm</td>\r\n		</tr>\r\n		<tr>\r\n			<td><strong>Trọng lượng</strong></td>\r\n			<td>9 Kg</td>\r\n		</tr>\r\n	</tbody>\r\n</table>', 0, 3, '2020-11-17 16:33:56', '2020-11-17 16:33:56'),
	(49, 'CARVIN C-2040', 'carvin-c-2040', 21400000, 'CARVIN C-2040.jpg', '12', 'Dây tín hiệu', 'New 100%', 'Dây Tín Hiệu', 1, '<table>\r\n	<tbody>\r\n		<tr>\r\n			<td><strong>Đ&aacute;p tuyến tần số</strong></td>\r\n			<td>20Hz &ndash; 20kHz (&plusmn;1dB)</td>\r\n		</tr>\r\n		<tr>\r\n			<td><strong>T.H.D</strong></td>\r\n			<td>.01% 20Hz &ndash; 20kHz</td>\r\n		</tr>\r\n		<tr>\r\n			<td><strong>E.I.N</strong></td>\r\n			<td>-117 dBm</td>\r\n		</tr>\r\n		<tr>\r\n			<td><strong>Tỷ lệ S/N</strong></td>\r\n			<td>90 dB</td>\r\n		</tr>\r\n		<tr>\r\n			<td><strong>Dải động</strong></td>\r\n			<td>104 dB</td>\r\n		</tr>\r\n		<tr>\r\n			<td><strong>Gain&nbsp;Mic</strong></td>\r\n			<td>52 dB</td>\r\n		</tr>\r\n		<tr>\r\n			<td><strong>Gain&nbsp;Line</strong></td>\r\n			<td>30 dB</td>\r\n		</tr>\r\n		<tr>\r\n			<td><strong>Gain tổng</strong></td>\r\n			<td>72 dB (c&acirc;n bằng)</td>\r\n		</tr>\r\n		<tr>\r\n			<td><strong>Max Output</strong></td>\r\n			<td>+28 dBm</td>\r\n		</tr>\r\n		<tr>\r\n			<td><strong>Nguồn điện y&ecirc;u cầu</strong></td>\r\n			<td>90-250VAC 50/60Hz</td>\r\n		</tr>\r\n		<tr>\r\n			<td><strong>K&iacute;ch thước (CxRxS)</strong></td>\r\n			<td>95 x 564 x 415 mm</td>\r\n		</tr>\r\n		<tr>\r\n			<td><strong>Trọng lượng</strong></td>\r\n			<td>8,16 Kg</td>\r\n		</tr>\r\n	</tbody>\r\n</table>', 0, 3, '2020-11-17 16:35:15', '2020-11-17 16:35:15'),
	(50, 'RCF DX4008', 'rcf-dx4008', 28440000, 'RCF DX4008.jpg', '12', 'Dây tín hiệu', 'New 100%', 'Không', 1, '<table>\r\n	<tbody>\r\n		<tr>\r\n			<td><strong>Đ&aacute;p tuyến tần số (-3dB)</strong></td>\r\n			<td>20 Hz &divide; 20 kHz</td>\r\n		</tr>\r\n		<tr>\r\n			<td><strong>Crosstalk (on the whole bandwitch)</strong></td>\r\n			<td>&lt; -100 dB</td>\r\n		</tr>\r\n		<tr>\r\n			<td><strong>Độ m&eacute;o tiếng (THD+N) @ 1kHz&nbsp;</strong></td>\r\n			<td>&lt; 0.001 %</td>\r\n		</tr>\r\n		<tr>\r\n			<td><strong>Dải động</strong></td>\r\n			<td>&gt; 115 dB</td>\r\n		</tr>\r\n		<tr>\r\n			<td><strong>CMRR</strong></td>\r\n			<td>&gt; 60 dB (50Hz-10kHz)</td>\r\n		</tr>\r\n		<tr>\r\n			<td><strong>Độ ph&acirc;n giải</strong></td>\r\n			<td>40</td>\r\n		</tr>\r\n		<tr>\r\n			<td><strong>Tỷ lệ lấy mẫu</strong></td>\r\n			<td>96</td>\r\n		</tr>\r\n		<tr>\r\n			<td><strong>Bộ chuyển đổi A/D &ndash; D/A</strong></td>\r\n			<td>24</td>\r\n		</tr>\r\n		<tr>\r\n			<td><strong>Độ trễ truyền (Propagation Delay)</strong></td>\r\n			<td>3</td>\r\n		</tr>\r\n		<tr>\r\n			<td><strong>Ng&otilde; v&agrave;o</strong></td>\r\n			<td>4 &ndash; XLR</td>\r\n		</tr>\r\n		<tr>\r\n			<td><strong>Ng&otilde; ra</strong></td>\r\n			<td>8 &ndash;&nbsp;XLR</td>\r\n		</tr>\r\n		<tr>\r\n			<td><strong>Bộ xử l&yacute;</strong></td>\r\n			<td>DSP, EQ Filters, Delay, Tone controls; High-pass filter; Crossover</td>\r\n		</tr>\r\n		<tr>\r\n			<td><strong>Điều khiển cấu h&igrave;nh</strong></td>\r\n			<td>Front panel, PC Software</td>\r\n		</tr>\r\n		<tr>\r\n			<td><strong>Số lượng chương tr&igrave;nh/ c&agrave;i đặt sẵn</strong></td>\r\n			<td>30</td>\r\n		</tr>\r\n		<tr>\r\n			<td><strong>Giao thức t&iacute;ch hợp hệ thống</strong></td>\r\n			<td>ASCII</td>\r\n		</tr>\r\n		<tr>\r\n			<td><strong>Chế độ bảo vệ</strong></td>\r\n			<td>Quạt biến tốc, cầu ch&igrave;.</td>\r\n		</tr>\r\n		<tr>\r\n			<td><strong>Điện &aacute;p hoạt động</strong></td>\r\n			<td>220-240/115 V~ 50/60Hz</td>\r\n		</tr>\r\n		<tr>\r\n			<td><strong>Lựa chọn điện &aacute;p</strong></td>\r\n			<td>B&ecirc;n ngo&agrave;i</td>\r\n		</tr>\r\n		<tr>\r\n			<td><strong>Điện năng ti&ecirc;u thụ</strong></td>\r\n			<td>20W</td>\r\n		</tr>\r\n		<tr>\r\n			<td><strong>Chứng nhận ti&ecirc;u chuẩn</strong></td>\r\n			<td>CE</td>\r\n		</tr>\r\n		<tr>\r\n			<td><strong>Th&acirc;n vỏ</strong></td>\r\n			<td>Kim loại</td>\r\n		</tr>\r\n		<tr>\r\n			<td><strong>M&agrave;u sắc</strong></td>\r\n			<td>Black</td>\r\n		</tr>\r\n		<tr>\r\n			<td><strong>Gi&aacute; đỡ</strong></td>\r\n			<td>19&Prime;, 1U</td>\r\n		</tr>\r\n		<tr>\r\n			<td><strong>K&iacute;ch thước (CxRxS)</strong></td>\r\n			<td>44 x 483 x 203 mm</td>\r\n		</tr>\r\n		<tr>\r\n			<td><strong>Trọng lượng</strong></td>\r\n			<td>2,96 Kg</td>\r\n		</tr>\r\n	</tbody>\r\n</table>', 1, 5, '2020-11-17 16:36:36', '2020-11-17 16:36:36'),
	(51, 'PHONIC PCL3200', 'phonic-pcl3200', 2300000, 'PHONIC PCL3200.jpg', '12', 'Dây tín hiệu', 'New 100%', 'Không', 1, '<p>&bull;&nbsp;Bộ n&eacute;n tiếng 2 k&ecirc;nh / Compressor<br />\r\n&bull;&nbsp;Selectable hard-knee/soft-knee compression<br />\r\n&bull;&nbsp;PEAK/RMS response selectable<br />\r\n&bull;&nbsp;Full input/output and gain reduction metering<br />\r\n&bull;&nbsp;Variable independent expander/gate<br />\r\n&bull;&nbsp;Channels can be coupled for true stereo operation<br />\r\n&bull;&nbsp;Bypass switch for each channel<br />\r\n&bull;&nbsp;Side-chain insert jacks<br />\r\n&bull;&nbsp;Variable filter settings<br />\r\n&bull;&nbsp;+4 dBu/-10 dBV switchable<br />\r\n&bull;&nbsp;Action LED display for gate<br />\r\n&bull;&nbsp;Frequency response: 10 Hz to 30 KHz, +/-0.5 dB<br />\r\n&bull;&nbsp;S/N ratio: &gt;95 dB, A-weight<br />\r\n&bull;&nbsp;Weight: 6.3 lbs<br />\r\n&bull;&nbsp;Dimensions: 22.5&Prime; x 9&Prime; x 4&Prime;</p>', 0, 5, '2020-11-17 16:37:21', '2020-11-17 16:37:21'),
	(52, 'C-MARK A-903', 'c-mark-a-903', 4300000, 'C-MARK A-903.jpg', '12', 'Dây tín hiệu', 'New 100%', 'Không', 1, '<table>\r\n	<tbody>\r\n		<tr>\r\n			<td><strong>Ng&otilde; v&agrave;o &acirc;m thanh</strong></td>\r\n			<td>Chuẩn XLR, 1/4&Prime;, balance; 50k&Omega;, balance (25k&Omega;, unbalance).<br />\r\n			Chuyển đổi +4dBu/-10dBV; +21dBu, balance &amp; unbalance</td>\r\n		</tr>\r\n		<tr>\r\n			<td><strong>CMRR</strong></td>\r\n			<td>40dB, &gt;55dB @ 1kHz</td>\r\n		</tr>\r\n		<tr>\r\n			<td><strong>Ng&otilde; ra &acirc;m thanh</strong></td>\r\n			<td>Chuẩn XLR, 1/4&Prime;, balance; 60k&Omega;, balance (30k&Omega;, unbalance) +21dBu, +20dBm, balance &amp; unbalance</td>\r\n		</tr>\r\n		<tr>\r\n			<td><strong>Băng th&ocirc;ng</strong></td>\r\n			<td>20Hz &ndash; 20kHz (+0/0.5dB)</td>\r\n		</tr>\r\n		<tr>\r\n			<td><strong>Đ&aacute;p tuyến tần số</strong></td>\r\n			<td>0.35Hz &ndash; 200kHz (+0/-3dB)</td>\r\n		</tr>\r\n		<tr>\r\n			<td><strong>Tỉ lệ Noise</strong></td>\r\n			<td>&gt;-95 dBu</td>\r\n		</tr>\r\n		<tr>\r\n			<td><strong>Độ m&eacute;o T.H.D</strong></td>\r\n			<td>0.008% @ +4dBu, 1kHz; 0.04% @ +20dBu, 1kHz</td>\r\n		</tr>\r\n		<tr>\r\n			<td><strong>Chỉ số IMD</strong></td>\r\n			<td>0.01% SMPTE</td>\r\n		</tr>\r\n		<tr>\r\n			<td><strong>Xuy&ecirc;n &acirc;m</strong></td>\r\n			<td>&lt;-100dB (22Hz-22kHz)</td>\r\n		</tr>\r\n		<tr>\r\n			<td><strong>Cầu ch&igrave;</strong></td>\r\n			<td>315mA</td>\r\n		</tr>\r\n		<tr>\r\n			<td><strong>Nguồn y&ecirc;u cầu</strong></td>\r\n			<td>200-240VAC, 50-60Hz</td>\r\n		</tr>\r\n		<tr>\r\n			<td><strong>Điện&nbsp;ti&ecirc;u thụ</strong></td>\r\n			<td>5W</td>\r\n		</tr>\r\n		<tr>\r\n			<td><strong>K&iacute;ch thước (C&times;R&times;S)</strong></td>\r\n			<td>45 x 483 x 217 mm</td>\r\n		</tr>\r\n		<tr>\r\n			<td><strong>Trọng lượng</strong></td>\r\n			<td>2,2 Kg</td>\r\n		</tr>\r\n	</tbody>\r\n</table>', 0, 5, '2020-11-17 16:38:20', '2020-11-17 16:38:20'),
	(53, 'C-MARK OK4000', 'c-mark-ok4000', 11880000, 'C-MARK OK4000.jpg', '12', 'Dây tín hiệu', 'New 100%', 'Không', 1, '<table>\r\n	<tbody>\r\n		<tr>\r\n			<td><strong>Đ&aacute;p tuyến tần số</strong></td>\r\n			<td>20Hz &ndash; 20kHz, -0.5dB</td>\r\n		</tr>\r\n		<tr>\r\n			<td><strong>Tỉ lệ S/N</strong></td>\r\n			<td>&gt; 115dBu</td>\r\n		</tr>\r\n		<tr>\r\n			<td><strong>T.H.D</strong></td>\r\n			<td>&lt; 0.005% tại 1kHz (0dBu)</td>\r\n		</tr>\r\n		<tr>\r\n			<td><strong>Crosstalk</strong></td>\r\n			<td>&lt; 100dB</td>\r\n		</tr>\r\n		<tr>\r\n			<td><strong>Ng&otilde; v&agrave;o MICRO</strong></td>\r\n			<td>Unbalanced 6.3 JACK; Max. gain: 45dBu; Trở kh&aacute;ng: 2.2K&Omega;</td>\r\n		</tr>\r\n		<tr>\r\n			<td><strong>Ng&otilde; v&agrave;o MUSIC</strong></td>\r\n			<td>1M&Omega;/St unb. RCA or digital signal fiber, coaxial. Max. input level: +18dBu; Trở kh&aacute;ng: 1M&Omega;/Stereo</td>\r\n		</tr>\r\n		<tr>\r\n			<td><strong>T&iacute;n hiệu ng&otilde; ra L/R</strong></td>\r\n			<td>Balanced XLR; Max. output level: +18dBu; Trở kh&aacute;ng: &lt;500&Omega;</td>\r\n		</tr>\r\n		<tr>\r\n			<td><strong>Bộ xử l&yacute; kỹ thuật số</strong></td>\r\n			<td>24-bit sigma-delta converters; 48kHz Sampling Rates</td>\r\n		</tr>\r\n		<tr>\r\n			<td><strong>Hiển thị</strong></td>\r\n			<td>M&agrave;n h&igrave;nh LCD 2&times;16 k&yacute; tự hiển thị th&ocirc;ng số cho c&agrave;i đặt v&agrave; lựa chọn chức năng</td>\r\n		</tr>\r\n		<tr>\r\n			<td><strong>Nguồn y&ecirc;u cầu</strong></td>\r\n			<td>AC220V 50/60Hz</td>\r\n		</tr>\r\n		<tr>\r\n			<td><strong>K&iacute;ch thước (C&times;R&times;S)</strong></td>\r\n			<td>44 x 482 x 225 mm</td>\r\n		</tr>\r\n		<tr>\r\n			<td><strong>Trọng lượng</strong></td>\r\n			<td>3,2 Kg</td>\r\n		</tr>\r\n	</tbody>\r\n</table>', 0, 5, '2020-11-17 16:39:38', '2020-11-17 16:39:38'),
	(54, 'C-MARK DB-1400', 'c-mark-db-1400', 12800000, 'C-MARK DB-1400.jpg', '12', 'Dây tín hiệu', 'New 100%', 'Không', 1, '<table>\r\n	<tbody>\r\n		<tr>\r\n			<td><strong>C&ocirc;ng suất ng&otilde; ra Stereo</strong></td>\r\n			<td>2&times;700W (2&Omega;); 2&times; 500W (4&Omega;); 2&times; 350W (8&Omega;)</td>\r\n		</tr>\r\n		<tr>\r\n			<td><strong>C&ocirc;ng suất ng&otilde; ra Bridged</strong></td>\r\n			<td>1400W (4&Omega;); 1000W (8&Omega;)</td>\r\n		</tr>\r\n		<tr>\r\n			<td><strong>Power Distortion</strong></td>\r\n			<td>1kHz: 8&Omega;- 0.015%; 4&Omega;- 0.03%; 20Hz-20kHz: 8&Omega;- 0.15%: 4&Omega;- 0.2%</td>\r\n		</tr>\r\n		<tr>\r\n			<td><strong>Đ&aacute;p tuyến tần số</strong></td>\r\n			<td>20Hz-20kHz 0.2dB (8&Omega;1w)</td>\r\n		</tr>\r\n		<tr>\r\n			<td><strong>Damping</strong></td>\r\n			<td>&gt;200 8&Omega;</td>\r\n		</tr>\r\n		<tr>\r\n			<td><strong>Tỷ lệ S/N</strong></td>\r\n			<td>&ge;110dB</td>\r\n		</tr>\r\n		<tr>\r\n			<td><strong>Tỷ lệ chuyển đổi</strong></td>\r\n			<td>45V/us</td>\r\n		</tr>\r\n		<tr>\r\n			<td><strong>Tăng điện &aacute;p</strong></td>\r\n			<td>AV = 68</td>\r\n		</tr>\r\n		<tr>\r\n			<td><strong>Độ nhạy ng&otilde; v&agrave;o</strong></td>\r\n			<td>0.775V</td>\r\n		</tr>\r\n		<tr>\r\n			<td><strong>Trở kh&aacute;ng ng&otilde; v&agrave;o</strong></td>\r\n			<td>20k&Omega; c&acirc;n bằng; 10k&Omega; kh&ocirc;ng c&acirc;n bằng</td>\r\n		</tr>\r\n		<tr>\r\n			<td><strong>K&iacute;ch thước (C&times;R&times;S)</strong></td>\r\n			<td>89 &times; 482 &times; 455 mm</td>\r\n		</tr>\r\n		<tr>\r\n			<td><strong>Trọng lượng</strong></td>\r\n			<td>24 Kg</td>\r\n		</tr>\r\n	</tbody>\r\n</table>', 0, 6, '2020-11-17 16:41:43', '2020-11-17 16:41:43'),
	(55, 'CARVIN HD-3000', 'carvin-hd-3000', 13200000, 'CARVIN HD-3000.jpg', '12', 'Dây tín hiệu', 'New 100%', 'Không', 1, '<table>\r\n	<tbody>\r\n		<tr>\r\n			<td><strong>C&ocirc;ng suất 1 k&ecirc;nh RMS</strong></td>\r\n			<td>(8&Omega;) 500W; (4&Omega;) 750W; (2&Omega;) 1200W</td>\r\n		</tr>\r\n		<tr>\r\n			<td><strong>C&ocirc;ng suất 2 k&ecirc;nh RMS</strong></td>\r\n			<td>(8&Omega;) 2 x 340W; (4&Omega;) 2 x 550W; (2&Omega;) 2 x 1100W</td>\r\n		</tr>\r\n		<tr>\r\n			<td><strong>C&ocirc;ng suất Bridge RMS</strong></td>\r\n			<td>(8&Omega;) 1100W; (4&Omega;) 2200W. Peak Power: (4&Omega;) 2850W</td>\r\n		</tr>\r\n		<tr>\r\n			<td><strong>C&ocirc;ng nghệ lớp ng&otilde; ra</strong></td>\r\n			<td>CLASS D</td>\r\n		</tr>\r\n		<tr>\r\n			<td><strong>Đ&aacute;p tuyến tần số</strong></td>\r\n			<td>+0/-3 db 20Hz &ndash; 20kHz</td>\r\n		</tr>\r\n		<tr>\r\n			<td><strong>THD</strong></td>\r\n			<td>(20-20k Hz 50% power) 0.1%, (20-20k Hz 90% power) 0.2%</td>\r\n		</tr>\r\n		<tr>\r\n			<td><strong>Damping Factor</strong></td>\r\n			<td>&gt;500</td>\r\n		</tr>\r\n		<tr>\r\n			<td><strong>Slew Rate</strong></td>\r\n			<td>bridged mode &gt;50v/&micro;s</td>\r\n		</tr>\r\n		<tr>\r\n			<td><strong>Độ nhạy (@ 8&Omega;)</strong></td>\r\n			<td>1.4 Vrms</td>\r\n		</tr>\r\n		<tr>\r\n			<td><strong>Tỷ lệ S/N</strong></td>\r\n			<td>&gt;106 dB</td>\r\n		</tr>\r\n		<tr>\r\n			<td><strong>Trở kh&aacute;ng đầu v&agrave;o</strong></td>\r\n			<td>&gt;20K&Omega;, balanced</td>\r\n		</tr>\r\n		<tr>\r\n			<td><strong>Mạch bảo vệ</strong></td>\r\n			<td>Short Circuit, No Load, SpeakerGuard&trade;, Thermal Shut-Off, Mute On/Off</td>\r\n		</tr>\r\n		<tr>\r\n			<td><strong>Nguồn y&ecirc;u cầu</strong></td>\r\n			<td>240VAC, 50-60Hz</td>\r\n		</tr>\r\n		<tr>\r\n			<td><strong>K&iacute;ch thước (CxRxS)</strong></td>\r\n			<td>88 x 483 x 267 mm</td>\r\n		</tr>\r\n		<tr>\r\n			<td><strong>Trọng lượng</strong></td>\r\n			<td>4,1 Kg</td>\r\n		</tr>\r\n	</tbody>\r\n</table>', 1, 6, '2020-11-17 16:42:34', '2020-11-17 16:42:34'),
	(56, 'YAMAHA PX10', 'yamaha-px10', 21890000, 'YAMAHA PX10.jpg', '12', 'Dây tín hiệu', 'New 100%', 'Không', 1, '<table>\r\n	<tbody>\r\n		<tr>\r\n			<td><strong>Loại thiết bị</strong></td>\r\n			<td>Amplifier 2 k&ecirc;nh DSP</td>\r\n		</tr>\r\n		<tr>\r\n			<td><strong>C&ocirc;ng suất</strong></td>\r\n			<td>2x 1000W &ndash; 8&Omega;; 2x 1200W &ndash; 4&Omega;; 2x 700W &ndash; 2&Omega;</td>\r\n		</tr>\r\n		<tr>\r\n			<td><strong>Tỷ lệ lấy mẫu</strong></td>\r\n			<td>B&ecirc;n trong: 48kHz</td>\r\n		</tr>\r\n		<tr>\r\n			<td><strong>A/D D/A Converters</strong></td>\r\n			<td>AD/DA: 24-bit linear, 128 times over sampling</td>\r\n		</tr>\r\n		<tr>\r\n			<td><strong>T.H.D</strong></td>\r\n			<td>0.1% (1kHz, 10W), 0.3% (1kHz, Half power)</td>\r\n		</tr>\r\n		<tr>\r\n			<td><strong>Đ&aacute;p tuyến tần số</strong></td>\r\n			<td>&plusmn;1.0dB (1W, 8&Omega;, 20Hz &ndash; 20kHz)</td>\r\n		</tr>\r\n		<tr>\r\n			<td><strong>Crosstalk</strong></td>\r\n			<td>Less than -60dB (Half Power, 8&Omega;, 1kHz, Vol max input 150&Omega; shunt)</td>\r\n		</tr>\r\n		<tr>\r\n			<td><strong>Trở kh&aacute;ng ng&otilde; v&agrave;o</strong></td>\r\n			<td>20k&Omega; (Balance), 10k&Omega; (Unbalance)</td>\r\n		</tr>\r\n		<tr>\r\n			<td><strong>Ng&otilde; kết nối</strong></td>\r\n			<td>Line Input: XLR x2, 1/4 &ldquo;PHONE(TRS) x2</td>\r\n		</tr>\r\n		<tr>\r\n			<td><strong>C&aacute;c chỉ số</strong></td>\r\n			<td>POWER, ALERT, USB, PROTECT, CLIP/LIMIT, SIGNAL; Auto LED off feature</td>\r\n		</tr>\r\n		<tr>\r\n			<td><strong>Độ trễ</strong></td>\r\n			<td>1.5 msec (Ng&otilde; v&agrave;o Analog đến Loa)</td>\r\n		</tr>\r\n		<tr>\r\n			<td><strong>Chế độ c&agrave;i đặt sẵn</strong></td>\r\n			<td>8 c&agrave;i đặt trước (Thư viện: c&agrave;i đặt sẵn cho loa Passive của Yamaha)</td>\r\n		</tr>\r\n		<tr>\r\n			<td><strong>Nguồn y&ecirc;u cầu</strong></td>\r\n			<td>220V-240V, 50Hz/60Hz</td>\r\n		</tr>\r\n		<tr>\r\n			<td><strong>Điện ti&ecirc;u thụ</strong></td>\r\n			<td>310W (1/8 MAX power, 4&Omega;, Pink noise at all channels), 60W (4&Omega;, Idling)</td>\r\n		</tr>\r\n		<tr>\r\n			<td><strong>K&iacute;ch thước (CxRxS)</strong></td>\r\n			<td>88 x 480 x 388 mm</td>\r\n		</tr>\r\n		<tr>\r\n			<td><strong>Trọng lượng</strong></td>\r\n			<td>7,4 Kg</td>\r\n		</tr>\r\n	</tbody>\r\n</table>', 1, 6, '2020-11-17 16:52:55', '2020-11-17 16:52:55'),
	(57, 'RCF HC2000', 'rcf-hc2000', 15120000, 'RCF HC2000.jpg', '12', 'Dây tín hiệu', 'New 100%', 'Không', 1, '<table>\r\n	<tbody>\r\n		<tr>\r\n			<td><strong>C&ocirc;ng suất ng&otilde; ra Stereo</strong></td>\r\n			<td>2Ω &ndash; 2x 1000W / 4Ω &ndash; 2x 800W / 8Ω &ndash; 2x 500W RMS</td>\r\n		</tr>\r\n		<tr>\r\n			<td><strong>C&ocirc;ng suất ng&otilde; ra Bridged</strong></td>\r\n			<td>4Ω &ndash; 2000W / 8Ω &ndash; 1600W RMS</td>\r\n		</tr>\r\n		<tr>\r\n			<td><strong>C&ocirc;ng suất k&ecirc;nh đơn</strong></td>\r\n			<td>2Ω &ndash; 1200W / 4Ω &ndash; 1000W / 8Ω &ndash; 600W RMS</td>\r\n		</tr>\r\n		<tr>\r\n			<td><strong>Đ&aacute;p tuyến tần số</strong></td>\r\n			<td>20Hz &ndash; 20kHz (-0.2dB); 10Hz &ndash; 65kHz (-3dB)</td>\r\n		</tr>\r\n		<tr>\r\n			<td><strong>THD+N</strong></td>\r\n			<td>&lt;0.02% @ 1kHz; &lt;0.1% @ 20kHz</td>\r\n		</tr>\r\n		<tr>\r\n			<td><strong>SMPTE IMD</strong></td>\r\n			<td>&lt;0.03% max power (4Ω)</td>\r\n		</tr>\r\n		<tr>\r\n			<td><strong>Damping Factor</strong></td>\r\n			<td>&gt;400:1 (8Ω)</td>\r\n		</tr>\r\n		<tr>\r\n			<td><strong>Slew rate</strong></td>\r\n			<td>50V/&micro;S</td>\r\n		</tr>\r\n		<tr>\r\n			<td><strong>Tỷ lệ S/N</strong></td>\r\n			<td>&gt;105 dB &ldquo;A&rdquo; Weighted</td>\r\n		</tr>\r\n		<tr>\r\n			<td><strong>Crosstalk</strong></td>\r\n			<td>&gt;70 dB @ 1kHz</td>\r\n		</tr>\r\n		<tr>\r\n			<td><strong>Độ nhạy ng&otilde; v&agrave;o (4Ω)</strong></td>\r\n			<td>0 dBm (0.775 Vrms) / +4 dBm (1.23Vrms)</td>\r\n		</tr>\r\n		<tr>\r\n			<td><strong>Trở kh&aacute;ng ng&otilde; v&agrave;o</strong></td>\r\n			<td>20kΩ balanced; 10kΩ unbalanced</td>\r\n		</tr>\r\n		<tr>\r\n			<td><strong>Bảo vệ thiết bị</strong></td>\r\n			<td>Nhiệt độ, DC, RFI, Short circuit, Soft-Start, Biến &aacute;p nhiệt</td>\r\n		</tr>\r\n		<tr>\r\n			<td><strong>Kết nối ng&otilde; v&agrave;o</strong></td>\r\n			<td>XLR, Stereo 6.3 mm Phone Jack</td>\r\n		</tr>\r\n		<tr>\r\n			<td><strong>Kết nối ng&otilde; ra</strong></td>\r\n			<td>Speakon NL4MP</td>\r\n		</tr>\r\n		<tr>\r\n			<td><strong>Hệ thống l&agrave;m m&aacute;t</strong></td>\r\n			<td>2 quạt biến tốc.</td>\r\n		</tr>\r\n		<tr>\r\n			<td><strong>Bảng điều khiển ph&iacute;a trước</strong></td>\r\n			<td>2 Volume, C&ocirc;ng tắc nguồn.</td>\r\n		</tr>\r\n		<tr>\r\n			<td><strong>Đ&egrave;n b&aacute;o</strong></td>\r\n			<td>On, Signal, Limiter, Mute, Temperature</td>\r\n		</tr>\r\n		<tr>\r\n			<td><strong>Điện năng tiệu thụ (4Ω)</strong></td>\r\n			<td>115V 60Hz : 28A; 230V 50Hz : 14A</td>\r\n		</tr>\r\n		<tr>\r\n			<td><strong>K&iacute;ch thước (CxRxS)</strong></td>\r\n			<td>88 x 482 x 420 mm</td>\r\n		</tr>\r\n		<tr>\r\n			<td><strong>Trọng lượng</strong></td>\r\n			<td>18 Kg</td>\r\n		</tr>\r\n	</tbody>\r\n</table>', 0, 6, '2020-11-17 16:55:18', '2020-11-17 16:55:18'),
	(58, 'SENNHEISER XSW2-ME2', 'sennheiser-xsw2-me2', 12050000, 'SENNHEISER XSW2-ME2.jpg', '12', 'Dây tín hiệu', 'New 100%', 'Hộp Đựng MIC', 1, '<table>\r\n	<tbody>\r\n		<tr>\r\n			<td><strong>&gt;&gt;&gt;&nbsp;Hệ Thống</strong></td>\r\n			<td>&nbsp;</td>\r\n		</tr>\r\n		<tr>\r\n			<td><strong>Microphone</strong></td>\r\n			<td>Condenser</td>\r\n		</tr>\r\n		<tr>\r\n			<td><strong>Đ&aacute;p tuyến tần số</strong></td>\r\n			<td>50 &ndash; 16,000 Hz (&ndash;3 dB)</td>\r\n		</tr>\r\n		<tr>\r\n			<td><strong>THD</strong></td>\r\n			<td>&le; 0.9%</td>\r\n		</tr>\r\n		<tr>\r\n			<td><strong>T&iacute;nh định hướng</strong></td>\r\n			<td>Cardioid</td>\r\n		</tr>\r\n		<tr>\r\n			<td><strong>Tỷ lệ S/N</strong></td>\r\n			<td>&ge; 103 dBA</td>\r\n		</tr>\r\n		<tr>\r\n			<td><strong>C&ocirc;ng suất ng&otilde; ra RF</strong></td>\r\n			<td>10 mW</td>\r\n		</tr>\r\n		<tr>\r\n			<td><strong>Băng tần chuyển đổi</strong></td>\r\n			<td>l&ecirc;n đến 24 MHz</td>\r\n		</tr>\r\n		<tr>\r\n			<td><strong>Bộ điều chế</strong></td>\r\n			<td>dải tần rộng FM</td>\r\n		</tr>\r\n		<tr>\r\n			<td><strong>Điện &aacute;p ng&otilde; ra</strong></td>\r\n			<td>1/4&ldquo; (6.3 mm) (unbalanced): +6 dBu, XLR (balanced): +12 dBu</td>\r\n		</tr>\r\n		<tr>\r\n			<td><strong>Tần số</strong></td>\r\n			<td>8 Banks tần số, mỗi Bank l&ecirc;n đến 12 tần số c&agrave;i sẵn.</td>\r\n		</tr>\r\n		<tr>\r\n			<td><strong>Dải tần số</strong></td>\r\n			<td>A: 548-572MHz, GB: 606-630MHz, B: 614-638MHz, C: 766-790MHz,<br />\r\n			D: 794-806MHz, E: 821-832MHz, 863-865MHz, K: 925-937.5MHz</td>\r\n		</tr>\r\n		<tr>\r\n			<td><strong>Độ nhạy</strong></td>\r\n			<td>&lt; 3 &mu;V tại 52 dB(A)rms S/N</td>\r\n		</tr>\r\n		<tr>\r\n			<td><strong>Squelch</strong></td>\r\n			<td>chuyển từ 3 dB&mu;V đến 28 dB&mu;V (cổng Pilot Tone)</td>\r\n		</tr>\r\n		<tr>\r\n			<td><strong>Đồng bộ</strong></td>\r\n			<td>2.4 GHz, Low Power OQPSK (chỉ hoạt động trong khi đồng bộ h&oacute;a)</td>\r\n		</tr>\r\n		<tr>\r\n			<td><strong>Dải điều chỉnh bộ ph&aacute;t</strong></td>\r\n			<td>0 đến -30 dB,&nbsp;điều chỉnh theo bước&nbsp;10 dB</td>\r\n		</tr>\r\n		<tr>\r\n			<td><strong>Dải điều chỉnh &acirc;m thanh</strong></td>\r\n			<td>40dB, điều chỉnh theo bước 5-dB.</td>\r\n		</tr>\r\n		<tr>\r\n			<td><strong>Line</strong></td>\r\n			<td>20dB, c&oacute; thể chuyển đổi.</td>\r\n		</tr>\r\n		<tr>\r\n			<td><strong>Độ nhạy ng&otilde; v&agrave;o</strong></td>\r\n			<td>1.5 mV / Pa</td>\r\n		</tr>\r\n		<tr>\r\n			<td><strong>Khả năng chịu nhiệt</strong></td>\r\n			<td>Hoạt động: 0&deg;C &ndash; +40&deg;C, Bảo quản: &ndash;20&deg;C &ndash; +70&deg;C</td>\r\n		</tr>\r\n		<tr>\r\n			<td><strong>Nguy&ecirc;n l&yacute; bộ thu</strong></td>\r\n			<td>Double superheterodyne</td>\r\n		</tr>\r\n		<tr>\r\n			<td><strong>Nguy&ecirc;n l&yacute; đa dạng</strong></td>\r\n			<td>True Diversity</td>\r\n		</tr>\r\n		<tr>\r\n			<td><strong>&gt;&gt;&gt;&nbsp;Bộ Ph&aacute;t</strong></td>\r\n			<td>&nbsp;</td>\r\n		</tr>\r\n		<tr>\r\n			<td><strong>K&iacute;ch thước</strong></td>\r\n			<td>71 x 96 x 28 mm</td>\r\n		</tr>\r\n		<tr>\r\n			<td><strong>Trọng lượng</strong></td>\r\n			<td>95 g</td>\r\n		</tr>\r\n		<tr>\r\n			<td><strong>Thời gian hoạt động</strong></td>\r\n			<td>10 giờ</td>\r\n		</tr>\r\n		<tr>\r\n			<td><strong>Nguồn điện</strong></td>\r\n			<td>2 x 1,5V (AA)</td>\r\n		</tr>\r\n		<tr>\r\n			<td><strong>Chất liệu Th&acirc;n vỏ</strong></td>\r\n			<td>Vỏ ngo&agrave;i bằng nhựa ABS cao cấp.</td>\r\n		</tr>\r\n		<tr>\r\n			<td><strong>Đ&aacute;p ứng tần số AF</strong></td>\r\n			<td>50 &ndash; 16,000 Hz</td>\r\n		</tr>\r\n		<tr>\r\n			<td><strong>&gt;&gt;&gt;&nbsp;Bộ Thu</strong></td>\r\n			<td>&nbsp;</td>\r\n		</tr>\r\n		<tr>\r\n			<td><strong>K&iacute;ch thước</strong></td>\r\n			<td>200 x 42 x 127 mm</td>\r\n		</tr>\r\n		<tr>\r\n			<td><strong>Trọng lượng</strong></td>\r\n			<td>680 g</td>\r\n		</tr>\r\n		<tr>\r\n			<td><strong>Nguồn y&ecirc;u cầu</strong></td>\r\n			<td>12V DC / 300 mA</td>\r\n		</tr>\r\n		<tr>\r\n			<td><strong>Chất liệu Th&acirc;n vỏ</strong></td>\r\n			<td>Vỏ ngo&agrave;i bằng kim loại chắc chắn.</td>\r\n		</tr>\r\n		<tr>\r\n			<td><strong>Đ&aacute;p ứng tần số AF</strong></td>\r\n			<td>50 &ndash; 16,000 Hz&nbsp;(&ndash;3 dB)</td>\r\n		</tr>\r\n	</tbody>\r\n</table>', 1, 4, '2020-11-17 16:57:54', '2020-11-17 16:57:54'),
	(59, 'SHURE BLX24A-PG58', 'shure-blx24a-pg58', 9500000, 'SHURE BLX24A-PG58.jpg', '12', 'Dây tín hiệu', 'New 100%', 'Hộp Đựng MIC', 1, '<table>\r\n	<tbody>\r\n		<tr>\r\n			<td><strong>&gt;&gt;&gt;&nbsp;Hệ Thống</strong></td>\r\n			<td>&nbsp;</td>\r\n		</tr>\r\n		<tr>\r\n			<td><strong>Phạm vi hoạt động</strong></td>\r\n			<td>91 m&eacute;t (300 ft)</td>\r\n		</tr>\r\n		<tr>\r\n			<td><strong>Đ&aacute;p tuyến tần số &acirc;m thanh</strong></td>\r\n			<td>50 &ndash; 15,000 Hz</td>\r\n		</tr>\r\n		<tr>\r\n			<td><strong>T.H.D</strong></td>\r\n			<td>Ref. &plusmn;33 kHz deviation with 1 kHz tone 0.5%, typical</td>\r\n		</tr>\r\n		<tr>\r\n			<td><strong>Dải động</strong></td>\r\n			<td>100 dB, A-weighted, typical</td>\r\n		</tr>\r\n		<tr>\r\n			<td><strong>Nhiệt độ hoạt động</strong></td>\r\n			<td>-18&deg;C (0&deg;F) đến 57&deg;C (135&deg;F)</td>\r\n		</tr>\r\n		<tr>\r\n			<td><strong>&gt;&gt;&gt;&nbsp;Bộ Thu BLX4</strong></td>\r\n			<td>&nbsp;</td>\r\n		</tr>\r\n		<tr>\r\n			<td><strong>Trở kh&aacute;ng ng&otilde; ra</strong></td>\r\n			<td>XLR: 200&Omega;: 6.35 mm (1/4&Prime;): 50&Omega;</td>\r\n		</tr>\r\n		<tr>\r\n			<td><strong>Mức &acirc;m thanh ng&otilde; ra</strong></td>\r\n			<td>Ref. &plusmn;33 kHz deviation with 1 kHz tone XLR:&ndash;27 dBV; 1/4&Prime;: &ndash;13 dBV</td>\r\n		</tr>\r\n		<tr>\r\n			<td><strong>Độ nhạy RF</strong></td>\r\n			<td>-105 dBm for 12 dB SINAD, typical</td>\r\n		</tr>\r\n		<tr>\r\n			<td><strong>Image Rejection</strong></td>\r\n			<td>&gt;50 dB, typical</td>\r\n		</tr>\r\n		<tr>\r\n			<td><strong>Vật liệu</strong></td>\r\n			<td>Nhựa ABS</td>\r\n		</tr>\r\n		<tr>\r\n			<td><strong>Điện năng ti&ecirc;u thụ</strong></td>\r\n			<td>12&ndash;15 V DC @ 320 mA, supplied by external power supply (tip positive)</td>\r\n		</tr>\r\n		<tr>\r\n			<td><strong>K&iacute;ch thước</strong></td>\r\n			<td>40 x 188 x 103 mm</td>\r\n		</tr>\r\n		<tr>\r\n			<td><strong>Trọng lượng</strong></td>\r\n			<td>241g</td>\r\n		</tr>\r\n	</tbody>\r\n</table>', 0, 4, '2020-11-17 16:59:53', '2020-11-17 16:59:53'),
	(60, 'Tủ đèn Beam', 'tu-den-beam', 0, 'web-case-light-1-800x500.jpg', '3', 'Không', 'New 100%', 'Không', 1, '<p>&bull; Tủ đựng đ&egrave;n Beam chuy&ecirc;n nghiệp<br />\r\n&bull; Sản xuất tại Việt Nam</p>', 1, 8, '2020-11-17 17:01:26', '2020-11-17 17:01:26'),
	(61, 'KLOTZ LY215', 'klotz-ly215', 0, 'KLOTZ LY225.jpg', 'không bảo hành', 'Không', 'New 100%', 'Không', 1, '<p>D&acirc;y Loa Xịn</p>', 0, 8, '2020-11-17 17:02:30', '2020-11-17 17:02:30'),
	(62, 'DJ SlimPAR Pro Q USB', 'dj-padled', 0, 'SlimPAR-Pro-Q-USB-RIGHT-800x500.jpg', '12', 'Dây tín hiệu', 'New 100%', 'Tủ đựng Đèn', 1, '<table>\r\n	<tbody>\r\n		<tr>\r\n			<td><strong>K&ecirc;nh&nbsp;DMX</strong></td>\r\n			<td>4, 5 hoặc 10</td>\r\n		</tr>\r\n		<tr>\r\n			<td><strong>Ng&otilde; kết nối&nbsp;DMX</strong></td>\r\n			<td>3-pin XLR</td>\r\n		</tr>\r\n		<tr>\r\n			<td><strong>Nguồn s&aacute;ng</strong></td>\r\n			<td>12 (bốn m&agrave;u RGBA) 6W (2A), tuổi thọ 50.000 giờ</td>\r\n		</tr>\r\n		<tr>\r\n			<td><strong>Nhấp nh&aacute;y</strong></td>\r\n			<td>0 &ndash; 31 Hz</td>\r\n		</tr>\r\n		<tr>\r\n			<td><strong>Tần số&nbsp;PWM</strong></td>\r\n			<td>1.2 kHz</td>\r\n		</tr>\r\n		<tr>\r\n			<td><strong>G&oacute;c Beam</strong></td>\r\n			<td>24&deg;</td>\r\n		</tr>\r\n		<tr>\r\n			<td><strong>G&oacute;c Field</strong></td>\r\n			<td>31&deg;</td>\r\n		</tr>\r\n		<tr>\r\n			<td><strong>Độ s&aacute;ng</strong></td>\r\n			<td>5,690 lux @ 2m, 1,015 lux @ 5m</td>\r\n		</tr>\r\n		<tr>\r\n			<td><strong>Li&ecirc;n kết nguồn</strong></td>\r\n			<td>7 đ&egrave;n @ 120V; 13 đ&egrave;n @ 230V</td>\r\n		</tr>\r\n		<tr>\r\n			<td><strong>Điện &aacute;p ng&otilde; v&agrave;o</strong></td>\r\n			<td>100 &ndash; 240VAC, 50/60 Hz (auto-ranging)</td>\r\n		</tr>\r\n		<tr>\r\n			<td><strong>C&ocirc;ng suất v&agrave; d&ograve;ng điện</strong></td>\r\n			<td>82W, 1A @ 120V, 60Hz / 78W, 0.6A @ 230V, 50Hz</td>\r\n		</tr>\r\n		<tr>\r\n			<td><strong>Trọng lượng</strong></td>\r\n			<td>3,3 kg</td>\r\n		</tr>\r\n		<tr>\r\n			<td><strong>K&iacute;ch thước</strong></td>\r\n			<td>253 x 98 x 290 mm</td>\r\n		</tr>\r\n		<tr>\r\n			<td><strong>Ti&ecirc;u chuẩn</strong></td>\r\n			<td>CE, MET</td>\r\n		</tr>\r\n		<tr>\r\n			<td><strong>Bộ điều khiển t&ugrave;y chọn</strong></td>\r\n			<td>IRC-6, D-Fi USB</td>\r\n		</tr>\r\n	</tbody>\r\n</table>', 0, 7, '2020-11-17 17:03:41', '2020-11-17 17:04:12'),
	(63, 'SICA 18S4PL', 'sica-18s4pl', 10500000, 'SICA 18S4PL.jpg', '12', 'Không', 'New 100%', 'Không', 1, '<table>\r\n	<tbody>\r\n		<tr>\r\n			<td><strong>Đường k&iacute;nh ti&ecirc;u chuẩn</strong></td>\r\n			<td>462 mm (18-inch)</td>\r\n		</tr>\r\n		<tr>\r\n			<td><strong>Trở kh&aacute;ng ti&ecirc;u chuẩn</strong></td>\r\n			<td>8Ω</td>\r\n		</tr>\r\n		<tr>\r\n			<td><strong>C&ocirc;ng suất định mức AES</strong></td>\r\n			<td>1200W</td>\r\n		</tr>\r\n		<tr>\r\n			<td><strong>C&ocirc;ng suất chương tr&igrave;nh li&ecirc;n tục</strong></td>\r\n			<td>2400W</td>\r\n		</tr>\r\n		<tr>\r\n			<td><strong>Độ nhạy (1w/1m)</strong></td>\r\n			<td>97.3 dB</td>\r\n		</tr>\r\n		<tr>\r\n			<td><strong>Đường k&iacute;nh cuộn d&acirc;y (Voice-coil)</strong></td>\r\n			<td>100 mm (4-inch)</td>\r\n		</tr>\r\n		<tr>\r\n			<td><strong>Chiều s&acirc;u cuộn d&acirc;y (Winding Voice-coil)</strong></td>\r\n			<td>27 mm</td>\r\n		</tr>\r\n		<tr>\r\n			<td><strong>Khoảng c&aacute;ch chiều s&acirc;u nam ch&acirc;m</strong></td>\r\n			<td>12 mm</td>\r\n		</tr>\r\n		<tr>\r\n			<td><strong>Mật độ th&ocirc;ng lượng</strong></td>\r\n			<td>1.21T</td>\r\n		</tr>\r\n		<tr>\r\n			<td><strong>Trọng lượng nam ch&acirc;m</strong></td>\r\n			<td>536 g</td>\r\n		</tr>\r\n		<tr>\r\n			<td><strong>Trọng lượng loa</strong></td>\r\n			<td>8,3 Kg</td>\r\n		</tr>\r\n	</tbody>\r\n</table>', 0, 2, '2020-11-17 17:05:54', '2020-11-17 17:05:54'),
	(64, 'SICA 12N3PL', 'sica-12n3pl', 5500000, 'SICA 12N3PL.jpg', '12', 'Không', 'New 100%', 'Không', 1, '<table>\r\n	<tbody>\r\n		<tr>\r\n			<td><strong>Đường k&iacute;nh ti&ecirc;u chuẩn</strong></td>\r\n			<td>320 mm (12 in)</td>\r\n		</tr>\r\n		<tr>\r\n			<td><strong>Trở kh&aacute;ng ti&ecirc;u chuẩn</strong></td>\r\n			<td>8Ω</td>\r\n		</tr>\r\n		<tr>\r\n			<td><strong>C&ocirc;ng suất định mức AES</strong></td>\r\n			<td>400W</td>\r\n		</tr>\r\n		<tr>\r\n			<td><strong>C&ocirc;ng suất chương tr&igrave;nh li&ecirc;n tục</strong></td>\r\n			<td>800W</td>\r\n		</tr>\r\n		<tr>\r\n			<td><strong>Độ nhạy (1w/1m)</strong></td>\r\n			<td>98.5 dB</td>\r\n		</tr>\r\n		<tr>\r\n			<td><strong>Đường k&iacute;nh cuộn d&acirc;y (Voice-coil)</strong></td>\r\n			<td>75 mm (3-inch)</td>\r\n		</tr>\r\n		<tr>\r\n			<td><strong>Chiều s&acirc;u cuộn d&acirc;y (Winding Voice-coil)</strong></td>\r\n			<td>21 mm</td>\r\n		</tr>\r\n		<tr>\r\n			<td><strong>Khoảng c&aacute;ch chiều s&acirc;u nam ch&acirc;m</strong></td>\r\n			<td>10 mm</td>\r\n		</tr>\r\n		<tr>\r\n			<td><strong>Mật độ th&ocirc;ng lượng</strong></td>\r\n			<td>1.18T</td>\r\n		</tr>\r\n		<tr>\r\n			<td><strong>Trọng lượng nam ch&acirc;m</strong></td>\r\n			<td>360 g</td>\r\n		</tr>\r\n		<tr>\r\n			<td><strong>Trọng lượng loa</strong></td>\r\n			<td>3,5 Kg</td>\r\n		</tr>\r\n	</tbody>\r\n</table>', 0, 2, '2020-11-17 17:06:58', '2020-11-17 17:06:58'),
	(65, 'SICA CD120.44-640', 'sica-cd12044640', 2420000, 'SICA CD120.44-640.jpg', '12', 'Không', 'New 100%', 'Không', 1, '<table>\r\n	<tbody>\r\n		<tr>\r\n			<td><strong>Đường k&iacute;nh ti&ecirc;u chuẩn</strong></td>\r\n			<td>120 mm</td>\r\n		</tr>\r\n		<tr>\r\n			<td><strong>Trở kh&aacute;ng ti&ecirc;u chuẩn</strong></td>\r\n			<td>8Ω</td>\r\n		</tr>\r\n		<tr>\r\n			<td><strong>C&ocirc;ng suất định mức AES</strong></td>\r\n			<td>60W</td>\r\n		</tr>\r\n		<tr>\r\n			<td><strong>C&ocirc;ng suất chương tr&igrave;nh li&ecirc;n tục</strong></td>\r\n			<td>120W</td>\r\n		</tr>\r\n		<tr>\r\n			<td><strong>Độ nhạy (1w/1m)</strong></td>\r\n			<td>106.3 dB</td>\r\n		</tr>\r\n		<tr>\r\n			<td><strong>Đường k&iacute;nh cuộn d&acirc;y (Voice-coil)</strong></td>\r\n			<td>44 mm (1.7-inch)</td>\r\n		</tr>\r\n		<tr>\r\n			<td><strong>Chiều s&acirc;u cuộn d&acirc;y (Winding Voice-coil)</strong></td>\r\n			<td>2.6 mm</td>\r\n		</tr>\r\n		<tr>\r\n			<td><strong>Khoảng c&aacute;ch chiều s&acirc;u nam ch&acirc;m</strong></td>\r\n			<td>3 mm</td>\r\n		</tr>\r\n		<tr>\r\n			<td><strong>Mật độ th&ocirc;ng lượng</strong></td>\r\n			<td>1.70T</td>\r\n		</tr>\r\n		<tr>\r\n			<td><strong>Trở kh&aacute;ng DC</strong></td>\r\n			<td>5.8 &Omega;</td>\r\n		</tr>\r\n		<tr>\r\n			<td><strong>Tần số cộng hưởng</strong></td>\r\n			<td>1.1 kHz</td>\r\n		</tr>\r\n		<tr>\r\n			<td><strong>Trọng lượng nam ch&acirc;m</strong></td>\r\n			<td>640 g</td>\r\n		</tr>\r\n		<tr>\r\n			<td><strong>Trọng lượng loa</strong></td>\r\n			<td>1,9 Kg</td>\r\n		</tr>\r\n		<tr>\r\n			<td><strong>Tần số Crossover đề xuất</strong></td>\r\n			<td>1.6 kHz</td>\r\n		</tr>\r\n		<tr>\r\n			<td><strong>Đường k&iacute;nh họng</strong></td>\r\n			<td>25.4 mm / 1 in</td>\r\n		</tr>\r\n	</tbody>\r\n</table>', 0, 2, '2020-11-17 17:08:17', '2020-11-17 17:08:17'),
	(66, 'SICA CD95.44/N240 POLY', 'sica-cd9544n240-poly', 4950000, 'SICA CD95.44-N240 POLY.jpg', '12', 'Không', 'New 100%', 'Không', 1, '<table>\r\n	<tbody>\r\n		<tr>\r\n			<td><strong>Đường k&iacute;nh ti&ecirc;u chuẩn</strong></td>\r\n			<td>95 mm</td>\r\n		</tr>\r\n		<tr>\r\n			<td><strong>Trở kh&aacute;ng ti&ecirc;u chuẩn</strong></td>\r\n			<td>8Ω</td>\r\n		</tr>\r\n		<tr>\r\n			<td><strong>C&ocirc;ng suất định mức AES</strong></td>\r\n			<td>60W</td>\r\n		</tr>\r\n		<tr>\r\n			<td><strong>C&ocirc;ng suất chương tr&igrave;nh li&ecirc;n tục</strong></td>\r\n			<td>120W</td>\r\n		</tr>\r\n		<tr>\r\n			<td><strong>Độ nhạy (1w/1m)</strong></td>\r\n			<td>108.7 dB</td>\r\n		</tr>\r\n		<tr>\r\n			<td><strong>Đường k&iacute;nh cuộn d&acirc;y (Voice-coil)</strong></td>\r\n			<td>44 mm (1.7-inch)</td>\r\n		</tr>\r\n		<tr>\r\n			<td><strong>Chiều s&acirc;u cuộn d&acirc;y (Winding Voice-coil)</strong></td>\r\n			<td>2.6 mm</td>\r\n		</tr>\r\n		<tr>\r\n			<td><strong>Khoảng c&aacute;ch chiều s&acirc;u nam ch&acirc;m</strong></td>\r\n			<td>3 mm</td>\r\n		</tr>\r\n		<tr>\r\n			<td><strong>Mật độ th&ocirc;ng lượng</strong></td>\r\n			<td>2.10T</td>\r\n		</tr>\r\n		<tr>\r\n			<td><strong>Trở kh&aacute;ng DC</strong></td>\r\n			<td>5.8 &Omega;</td>\r\n		</tr>\r\n		<tr>\r\n			<td><strong>Tần số cộng hưởng</strong></td>\r\n			<td>0.8 kHz</td>\r\n		</tr>\r\n		<tr>\r\n			<td><strong>Trọng lượng nam ch&acirc;m</strong></td>\r\n			<td>235 g</td>\r\n		</tr>\r\n		<tr>\r\n			<td><strong>Trọng lượng loa</strong></td>\r\n			<td>1,1 Kg</td>\r\n		</tr>\r\n		<tr>\r\n			<td><strong>Tần số Crossover đề xuất</strong></td>\r\n			<td>1.6 kHz</td>\r\n		</tr>\r\n		<tr>\r\n			<td><strong>Đường k&iacute;nh họng</strong></td>\r\n			<td>25.4 mm / 1 in</td>\r\n		</tr>\r\n	</tbody>\r\n</table>', 0, 2, '2020-11-17 17:09:17', '2020-11-17 17:09:17'),
	(67, 'SS-SOUND PRO-218S', 'ss-sound-pro-218s', 17500000, 'SS-SOUND PRO-218S.jpg', '12', 'Không', 'New 100%', 'Không', 1, '<p>&bull; Loa Subwoofer 2&times;18-inch Neodymium c&ocirc;ng suất 4800 Watt<br />\r\n&bull; Sử dụng củ loa của Thương hiệu&nbsp;<strong><a href="http://hoangtung.com.vn/danh-muc/am-thanh/loa-roi/sica-made-in-italy/">SICA</a></strong>&nbsp;được nhập khẩu trực tiếp từ ITALIA c&oacute; CO, CQ.<br />\r\n&bull; Hai loa si&ecirc;u trầm 18&Prime; coil 100mm Neodymium&nbsp;<strong><a href="http://hoangtung.com.vn/san-pham/sica-18s4pl/">SICA 18S4PL &ndash; Made in ITALY</a></strong><br />\r\n&bull; Vỏ th&ugrave;ng cao cấp được sản xuất tại Việt Nam.</p>', 1, 1, '2020-11-17 17:11:11', '2020-11-17 17:11:11'),
	(68, 'CARVIN SCx-1112', 'carvin-scx-1112', 10890000, 'CARVIN SCx-1112.jpg', '12', 'Không', 'New 100%', 'Không', 1, '<table>\r\n	<tbody>\r\n		<tr>\r\n			<td><strong>Loại loa</strong></td>\r\n			<td>12-inch 2-way, Bass-reflex, Monitor</td>\r\n		</tr>\r\n		<tr>\r\n			<td><strong>Đ&aacute;p tuyến tần số</strong></td>\r\n			<td>60Hz &ndash; 20kHz (-10dB); 70Hz &ndash; 18kHz (-3dB)</td>\r\n		</tr>\r\n		<tr>\r\n			<td><strong>G&oacute;c phủ &acirc;m thanh (NxD)</strong></td>\r\n			<td>90o x 60o Main; 60o x 90o Monitor</td>\r\n		</tr>\r\n		<tr>\r\n			<td><strong>Bộ chia dải tần</strong></td>\r\n			<td>2-way với mạch bảo vệ loa HF&nbsp;Speaker Guard&trade;</td>\r\n		</tr>\r\n		<tr>\r\n			<td><strong>Tần số Crossover</strong></td>\r\n			<td>1.8 kHz</td>\r\n		</tr>\r\n		<tr>\r\n			<td><strong>C&ocirc;ng suất</strong></td>\r\n			<td>300W / 1200W (Peak)</td>\r\n		</tr>\r\n		<tr>\r\n			<td><strong>Tăng &acirc;m khuy&ecirc;n d&ugrave;ng</strong></td>\r\n			<td>300W &ndash; 900W</td>\r\n		</tr>\r\n		<tr>\r\n			<td><strong>Độ nhạy (1w/1m)</strong></td>\r\n			<td>96dB SPL</td>\r\n		</tr>\r\n		<tr>\r\n			<td><strong>SPL</strong></td>\r\n			<td>120dB Cont. / 126dB cực đại</td>\r\n		</tr>\r\n		<tr>\r\n			<td><strong>Th&agrave;nh phần loa</strong></td>\r\n			<td>12&Prime; woofer (coil 2-in) + 1&Prime; exit Mylar (coil 1.75-in)</td>\r\n		</tr>\r\n		<tr>\r\n			<td><strong>Trở kh&aacute;ng</strong></td>\r\n			<td>8&Omega;</td>\r\n		</tr>\r\n		<tr>\r\n			<td><strong>Tri-amp 8&Omega;</strong></td>\r\n			<td>LF &ndash; 300W / 1200W ; HF &ndash; 60W / 240W</td>\r\n		</tr>\r\n		<tr>\r\n			<td><strong>Vỏ th&ugrave;ng loa</strong></td>\r\n			<td>Gỗ Bạch Dương&nbsp;13-ply cao cấp</td>\r\n		</tr>\r\n		<tr>\r\n			<td><strong>Hệ thống treo/ Lắp đặt</strong></td>\r\n			<td>1-3/8-inch pole mount cup</td>\r\n		</tr>\r\n		<tr>\r\n			<td><strong>Ho&agrave;n thiện</strong></td>\r\n			<td>Lớp phủ c&ocirc;ng nghệ DuraTec&trade; chống trầy xước, chịu được t&aacute;c động thời tiết.</td>\r\n		</tr>\r\n		<tr>\r\n			<td><strong>Mặt lưới</strong></td>\r\n			<td>Th&eacute;p đen phủ bột chịu thời tiết, lớp bọt biển b&ecirc;n trong gi&uacute;p khử tạp &acirc;m.</td>\r\n		</tr>\r\n		<tr>\r\n			<td><strong>Vận chuyển</strong></td>\r\n			<td>1 tay cầm b&ecirc;n</td>\r\n		</tr>\r\n		<tr>\r\n			<td><strong>Ng&otilde; kết nối</strong></td>\r\n			<td>2x NL-4 Neutrik Speakon ;2x 1/4&Prime;</td>\r\n		</tr>\r\n		<tr>\r\n			<td><strong>K&iacute;ch thước (CxRxS)</strong></td>\r\n			<td>420 x 388 x 572 mm</td>\r\n		</tr>\r\n		<tr>\r\n			<td><strong>Trọng lượng</strong></td>\r\n			<td>16,5 Kg</td>\r\n		</tr>\r\n	</tbody>\r\n</table>', 1, 1, '2020-11-17 17:15:38', '2020-11-17 17:15:38');
/*!40000 ALTER TABLE `vp_product` ENABLE KEYS */;

-- Dumping structure for table media_db.vp_users
CREATE TABLE IF NOT EXISTS `vp_users` (
  `id` bigint(20) unsigned NOT NULL AUTO_INCREMENT,
  `email` varchar(255) COLLATE utf8mb4_unicode_ci NOT NULL,
  `password` varchar(255) COLLATE utf8mb4_unicode_ci NOT NULL,
  `level` tinyint(4) NOT NULL,
  `remember_token` varchar(100) COLLATE utf8mb4_unicode_ci DEFAULT NULL,
  `created_at` timestamp NULL DEFAULT NULL,
  `updated_at` timestamp NULL DEFAULT NULL,
  PRIMARY KEY (`id`)
) ENGINE=InnoDB AUTO_INCREMENT=3 DEFAULT CHARSET=utf8mb4 COLLATE=utf8mb4_unicode_ci;

-- Dumping data for table media_db.vp_users: ~2 rows (approximately)
/*!40000 ALTER TABLE `vp_users` DISABLE KEYS */;
INSERT INTO `vp_users` (`id`, `email`, `password`, `level`, `remember_token`, `created_at`, `updated_at`) VALUES
	(1, 'admin@gmail.com', '$2y$10$oQa.vcarVlkcQKafOi5p5eaFYHnVlGv8ayHQcWCBXJwLVYFWKksgq', 1, 'g2YjcbR6B7Gd1wZZFeJ6BMfxlYcrzU3CaDJSPOmbfEQ2Q3EKrUG0O6aY6PX9', NULL, NULL),
	(2, 'guest@gmail.com', '$2y$10$xA/nukHQWn216NdIxdQhveUf0FxDm0hl10Yfmh/181NptFJL7UtHe', 1, NULL, NULL, NULL);
/*!40000 ALTER TABLE `vp_users` ENABLE KEYS */;

/*!40101 SET SQL_MODE=IFNULL(@OLD_SQL_MODE, '') */;
/*!40014 SET FOREIGN_KEY_CHECKS=IF(@OLD_FOREIGN_KEY_CHECKS IS NULL, 1, @OLD_FOREIGN_KEY_CHECKS) */;
/*!40101 SET CHARACTER_SET_CLIENT=@OLD_CHARACTER_SET_CLIENT */;
/*!40111 SET SQL_NOTES=@OLD_SQL_NOTES */;
